{
    "lsun": {
        "progan": 0.010449300027067027,
        "sngan": 0.03201024574374648,
        "cramergan": 0.006527709527698803,
        "mmdgan": 0.005366278731985951
    },
    "celeba": {
        "progan": 0.04972056540531278,
        "sngan": 0.0595936226402374,
        "cramergan": 0.0393151344833456,
        "mmdgan": 0.05047720384348744
    }
}